{"pool_aggression_mean":0.4963345243536355,"total_extractions":207,"_timestamp":1.7702411223517585e+09,"_step":1,"avg_aggressive_score":0.43237298067838237,"_runtime":186,"pool_aggression_std":0.2669177612661047,"pool_neutral_count":255,"total_deaths":993,"total_kills":848.8000000000018,"_wandb":{"runtime":186},"avg_passive_score":0.08453335059993071,"extraction_rate":0.1725,"episode":1,"avg_reward":0.11491778574011292,"std_reward":0.1464340302826491,"pool_passive_count":480,"pool_aggressive_count":465}